Product Category,Stage of Development
DNA-based,Phase III
DNA-based,Phase II/III
DNA-based,Phase II/III
DNA-based,Phase I/II
DNA-based,Phase I/II
DNA-based,Phase I
DNA-based,Phase I
DNA-based,Pre-clinical
DNA-based,Pre-clinical
DNA-based,Pre-clinical
DNA-based,Pre-clinical
DNA-based,Pre-clinical
DNA-based,Pre-clinical
DNA-based,Pre-clinical
DNA-based,Pre-clinical
DNA-based,Pre-clinical
DNA-based,Pre-clinical
DNA-based,Pre-clinical
DNA-based,Pre-clinical
DNA-based,Pre-clinical
DNA-based,Pre-clinical
Inactivated virus,Phase III
Inactivated virus,Phase III
Inactivated virus,Phase III
Inactivated virus,Phase III
Inactivated virus,Phase III
Inactivated virus,Phase III
Inactivated virus,Phase II
Inactivated virus,Phase II
Inactivated virus,Phase I/II
Inactivated virus,Phase I
Inactivated virus,Pre-clinical
Inactivated virus,Pre-clinical
Inactivated virus,Pre-clinical
Inactivated virus,Pre-clinical
Inactivated virus,Pre-clinical
Inactivated virus,Pre-clinical
Inactivated virus,Pre-clinical
Inactivated virus,Pre-clinical
Inactivated virus,Pre-clinical
Live attenuated virus,Phase I
Live attenuated virus,Pre-clinical
Live attenuated virus,Pre-clinical
Live attenuated virus,Pre-clinical
Non-replicating viral vector,Authorized
Non-replicating viral vector,Authorized
Non-replicating viral vector,Phase III
Non-replicating viral vector,Phase III
Non-replicating viral vector,Phase I/II
Non-replicating viral vector,Phase I
Non-replicating viral vector,Phase I
Non-replicating viral vector,Phase I
Non-replicating viral vector,Phase I
Non-replicating viral vector,Phase I
Non-replicating viral vector,Pre-clinical
Non-replicating viral vector,Pre-clinical
Non-replicating viral vector,Pre-clinical
Non-replicating viral vector,Pre-clinical
Non-replicating viral vector,Pre-clinical
Non-replicating viral vector,Pre-clinical
Non-replicating viral vector,Pre-clinical
Non-replicating viral vector,Pre-clinical
Non-replicating viral vector,Pre-clinical
Non-replicating viral vector,Pre-clinical
Non-replicating viral vector,Pre-clinical
Non-replicating viral vector,Pre-clinical
Non-replicating viral vector,Pre-clinical
Non-replicating viral vector,Pre-clinical
Non-replicating viral vector,Pre-clinical
Non-replicating viral vector,Pre-clinical
Non-replicating viral vector,Pre-clinical
Non-replicating viral vector,Pre-clinical
Non-replicating viral vector,Pre-clinical
Non-replicating viral vector,Pre-clinical
Protein subunit,Phase III
Protein subunit,Phase III
Protein subunit,Phase III
Protein subunit,Phase II
Protein subunit,Phase II
Protein subunit,Phase II
Protein subunit,Phase I/II
Protein subunit,Phase I/II
Protein subunit,Phase I/II
Protein subunit,Phase I/II
Protein subunit,Phase I/II
Protein subunit,Phase I/II
Protein subunit,Phase I/II
Protein subunit,Phase I
Protein subunit,Phase I
Protein subunit,Phase I
Protein subunit,Phase I
Protein subunit,Phase I
Protein subunit,Phase I
Protein subunit,Phase I
Protein subunit,Pre-clinical
Protein subunit,Pre-clinical
Protein subunit,Pre-clinical
Protein subunit,Pre-clinical
Protein subunit,Pre-clinical
Protein subunit,Pre-clinical
Protein subunit,Pre-clinical
Protein subunit,Pre-clinical
Protein subunit,Pre-clinical
Protein subunit,Pre-clinical
Protein subunit,Pre-clinical
Protein subunit,Pre-clinical
Protein subunit,Pre-clinical
Protein subunit,Pre-clinical
Protein subunit,Pre-clinical
Protein subunit,Pre-clinical
Protein subunit,Pre-clinical
Protein subunit,Pre-clinical
Protein subunit,Pre-clinical
Protein subunit,Pre-clinical
Protein subunit,Pre-clinical
Protein subunit,Pre-clinical
Protein subunit,Pre-clinical
Protein subunit,Pre-clinical
Protein subunit,Pre-clinical
Protein subunit,Pre-clinical
Protein subunit,Pre-clinical
Protein subunit,Pre-clinical
Protein subunit,Pre-clinical
Protein subunit,Pre-clinical
Protein subunit,Pre-clinical
Protein subunit,Pre-clinical
Protein subunit,Pre-clinical
Protein subunit,Pre-clinical
Protein subunit,Pre-clinical
Protein subunit,Pre-clinical
Protein subunit,Pre-clinical
Protein subunit,Pre-clinical
Protein subunit,Pre-clinical
Protein subunit,Pre-clinical
Protein subunit,Pre-clinical
Protein subunit,Pre-clinical
Protein subunit,Pre-clinical
Protein subunit,Pre-clinical
Protein subunit,Pre-clinical
Protein subunit,Pre-clinical
Protein subunit,Pre-clinical
Protein subunit,Pre-clinical
Protein subunit,Pre-clinical
Protein subunit,Pre-clinical
Protein subunit,Pre-clinical
Protein subunit,Pre-clinical
Protein subunit,Pre-clinical
Protein subunit,Pre-clinical
Protein subunit,Pre-clinical
Protein subunit,Pre-clinical
Protein subunit,Pre-clinical
Protein subunit,Pre-clinical
Protein subunit,Pre-clinical
Protein subunit,Pre-clinical
Protein subunit,Pre-clinical
Protein subunit,Pre-clinical
Replicating viral vector,Phase II
Replicating viral vector,Phase I/II
Replicating viral vector,Phase I/II
Replicating viral vector,Phase I
Replicating viral vector,Phase I
Replicating viral vector,Pre-clinical
Replicating viral vector,Pre-clinical
Replicating viral vector,Pre-clinical
Replicating viral vector,Pre-clinical
Replicating viral vector,Pre-clinical
Replicating viral vector,Pre-clinical
Replicating viral vector,Pre-clinical
Replicating viral vector,Pre-clinical
Replicating viral vector,Pre-clinical
Replicating viral vector,Pre-clinical
Replicating viral vector,Pre-clinical
Replicating viral vector,Pre-clinical
Replicating viral vector,Pre-clinical
Replicating viral vector,Pre-clinical
Replicating viral vector,Pre-clinical
Replicating viral vector,Pre-clinical
Replicating viral vector,Pre-clinical
Replicating viral vector,Pre-clinical
RNA-based vaccine,Authorized
RNA-based vaccine,Authorized
RNA-based vaccine,Phase III
RNA-based vaccine,Phase I/II
RNA-based vaccine,Phase I/II
RNA-based vaccine,Phase I
RNA-based vaccine,Phase I
RNA-based vaccine,Pre-clinical
RNA-based vaccine,Pre-clinical
RNA-based vaccine,Pre-clinical
RNA-based vaccine,Pre-clinical
RNA-based vaccine,Pre-clinical
RNA-based vaccine,Pre-clinical
RNA-based vaccine,Pre-clinical
RNA-based vaccine,Pre-clinical
RNA-based vaccine,Pre-clinical
RNA-based vaccine,Pre-clinical
RNA-based vaccine,Pre-clinical
RNA-based vaccine,Pre-clinical
RNA-based vaccine,Pre-clinical
RNA-based vaccine,Pre-clinical
RNA-based vaccine,Pre-clinical
RNA-based vaccine,Pre-clinical
RNA-based vaccine,Pre-clinical
RNA-based vaccine,Pre-clinical
RNA-based vaccine,Pre-clinical
RNA-based vaccine,Pre-clinical
RNA-based vaccine,Pre-clinical
RNA-based vaccine,Pre-clinical
RNA-based vaccine,Pre-clinical
RNA-based vaccine,Pre-clinical
RNA-based vaccine,Pre-clinical
Virus-like particle,Phase II/III
Virus-like particle,Phase I/II
Virus-like particle,Pre-clinical
Virus-like particle,Pre-clinical
Virus-like particle,Pre-clinical
Virus-like particle,Pre-clinical
Virus-like particle,Pre-clinical
Virus-like particle,Pre-clinical
Virus-like particle,Pre-clinical
Virus-like particle,Pre-clinical
Virus-like particle,Pre-clinical
Virus-like particle,Pre-clinical
Virus-like particle,Pre-clinical
Virus-like particle,Pre-clinical
Virus-like particle,Pre-clinical
Virus-like particle,Pre-clinical
Virus-like particle,Pre-clinical
Virus-like particle,Pre-clinical
Virus-like particle,Pre-clinical
Virus-like particle,Pre-clinical
Virus-like particle,Pre-clinical
Virus-like particle,Pre-clinical
Unknown,Pre-clinical
Unknown,Pre-clinical
Unknown,Pre-clinical
Unknown,Pre-clinical
Unknown,Pre-clinical
Unknown,Pre-clinical
Unknown,Pre-clinical
Unknown,Pre-clinical
Unknown,Pre-clinical
Unknown,Pre-clinical
Unknown,Pre-clinical
Unknown,Pre-clinical
Unknown,Pre-clinical
Unknown,Pre-clinical
Unknown,Pre-clinical
Unknown,Pre-clinical
Replicating bacterial vector,Pre-clinical
Replicating bacterial vector,Pre-clinical
